IV_CAT_GROUP	IV1_ITEM1	IV1_ITEM2	IV2_ITEM1	IV2_ITEM2	DV_ITEM1	DV_ITEM2	IV_INDEX1	IV_INDEX2	DV_INDEX
category2	4	3	1	1	1	1	3.5	1.0	1.0
category1	4	5	3	3	2	3	4.5	3.0	2.5
category2	1	2	1	1	1	1	1.5	1.0	1.0
category2	3	2	5	5	2	2	2.5	5.0	2.0
category1	2	2	1	2	1	1	2.0	1.5	1.0
category2	3	2	3	2	2	1	2.5	2.5	1.5
category2	5	3	3	2	1	2	4.0	2.5	1.5
category2	3	2	3	4	1	2	2.5	3.5	1.5
category1	3	4	5	5	4	4	3.5	5.0	4.0
category1	5	4	4	4	4	5	4.5	4.0	4.5
category1	2	3	1	1	2	1	2.5	1.0	1.5
category2	3	3	2	1	3	1	3.0	1.5	2.0
category2	3	3	2	3	2	1	3.0	2.5	1.5
category2	1	3	3	3	1	1	2.0	3.0	1.0
category1	5	4	2	2	2	3	4.5	2.0	2.5
category1	3	2	4	2	3	3	2.5	3.0	3.0
category2	1	1	2	1	1	2	1.0	1.5	1.5
category1	3	3	1	1	3	3	3.0	1.0	3.0
category2	2	1	3	5	1	1	1.5	4.0	1.0
category1	5	5	4	4	5	4	5.0	4.0	4.5
category1	2	2	1	1	2	2	2.0	1.0	2.0
category1	3	2	3	3	4	3	2.5	3.0	3.5
category2	3	2	2	4	3	1	2.5	3.0	2.0
category2	2	1	3	2	1	1	1.5	2.5	1.0
category2	3	4	5	4	1	1	3.5	4.5	1.0
category1	4	4	3	1	3	2	4.0	2.0	2.5
category2	2	2	2	1	2	2	2.0	1.5	2.0
category2	5	5	2	2	2	3	5.0	2.0	2.5
category1	1	1	3	2	3	3	1.0	2.5	3.0
category1	3	4	3	4	2	3	3.5	3.5	2.5
category1	1	1	1	1	2	1	1.0	1.0	1.5
category2	3	3	3	3	2	3	3.0	3.0	2.5
category2	5	5	4	4	3	4	5.0	4.0	3.5
category1	4	2	1	3	1	2	3.0	2.0	1.5
category1	5	3	3	2	2	3	4.0	2.5	2.5
category1	3	2	2	1	1	2	2.5	1.5	1.5
category2	2	1	2	3	1	1	1.5	2.5	1.0
category1	2	3	2	2	2	3	2.5	2.0	2.5
category1	1	3	4	3	5	5	2.0	3.5	5.0
category2	4	3	1	2	3	2	3.5	1.5	2.5
category1	3	3	4	5	2	2	3.0	4.5	2.0
category2	3	4	3	2	2	3	3.5	2.5	2.5
category1	2	4	3	3	3	1	3.0	3.0	2.0
category1	4	4	4	2	4	3	4.0	3.0	3.5
category1	2	2	2	1	4	3	2.0	1.5	3.5
category1	4	4	3	4	3	4	4.0	3.5	3.5
category2	5	4	3	3	2	2	4.5	3.0	2.0
category1	3	3	2	1	2	2	3.0	1.5	2.0
category1	4	3	5	5	4	4	3.5	5.0	4.0
category2	3	2	4	4	2	2	2.5	4.0	2.0
category2	4	3	2	3	4	3	3.5	2.5	3.5
category1	1	1	2	2	4	3	1.0	2.0	3.5
category2	1	3	3	3	2	2	2.0	3.0	2.0
category2	4	4	5	3	4	3	4.0	4.0	3.5
category1	3	4	2	2	2	2	3.5	2.0	2.0
category2	4	4	3	3	5	5	4.0	3.0	5.0
category1	5	5	5	4	4	4	5.0	4.5	4.0
category1	3	5	5	5	5	5	4.0	5.0	5.0
category2	3	1	3	3	3	5	2.0	3.0	4.0
category1	4	5	2	1	4	4	4.5	1.5	4.0
category2	3	5	3	3	3	2	4.0	3.0	2.5
category1	4	5	3	4	4	4	4.5	3.5	4.0
category1	3	3	4	5	3	2	3.0	4.5	2.5
category2	3	5	3	4	4	3	4.0	3.5	3.5
category1	5	2	2	2	3	3	3.5	2.0	3.0
category1	2	3	2	3	2	4	2.5	2.5	3.0
category2	2	3	2	1	4	2	2.5	1.5	3.0
category2	4	4	2	1	1	3	4.0	1.5	2.0
category1	1	2	3	2	3	3	1.5	2.5	3.0
category2	4	2	5	5	4	3	3.0	5.0	3.5
category1	5	4	5	5	5	4	4.5	5.0	4.5
category2	4	4	3	2	2	3	4.0	2.5	2.5
category2	3	1	3	4	1	1	2.0	3.5	1.0
category1	2	2	3	3	4	2	2.0	3.0	3.0
category2	2	1	3	3	2	2	1.5	3.0	2.0
category1	2	3	2	2	1	3	2.5	2.0	2.0
category2	5	4	5	5	5	4	4.5	5.0	4.5
category2	3	4	3	4	2	3	3.5	3.5	2.5
category2	4	3	2	1	3	3	3.5	1.5	3.0
category1	4	3	3	4	2	2	3.5	3.5	2.0
category2	4	4	4	4	2	3	4.0	4.0	2.5
category1	3	3	3	2	2	2	3.0	2.5	2.0
category1	2	3	2	1	2	3	2.5	1.5	2.5
category1	3	2	3	3	3	4	2.5	3.0	3.5
category2	5	5	3	3	2	3	5.0	3.0	2.5
category1	2	1	2	1	2	2	1.5	1.5	2.0
category2	5	5	2	3	5	5	5.0	2.5	5.0
category1	1	1	5	3	4	3	1.0	4.0	3.5
category1	2	3	5	5	2	3	2.5	5.0	2.5
category1	2	4	2	3	4	5	3.0	2.5	4.5
category2	4	5	4	5	3	3	4.5	4.5	3.0
category1	3	3	1	1	1	1	3.0	1.0	1.0
category2	5	4	3	4	1	2	4.5	3.5	1.5
category1	1	2	3	2	2	1	1.5	2.5	1.5
category2	2	2	1	2	2	1	2.0	1.5	1.5
category2	3	4	2	1	2	1	3.5	1.5	1.5
category2	3	4	4	4	3	2	3.5	4.0	2.5
category2	2	1	1	2	1	1	1.5	1.5	1.0
category2	5	5	3	4	3	3	5.0	3.5	3.0
category2	3	3	2	3	1	1	3.0	2.5	1.0
